team,dfs_points,vs_avg,pass_yards_rank,pass_td_rank,pass_20_rank,pass_40_rank,rush_yards_rank,rush_td_rank,rush_20_rank,rush_40_rank,rec_yards_rank,rec_td_rank,receptions_rank,rec_20_rank,rec_40_rank,dk_rank,fd_rank
Team Name,,,,,20,40,,,20,40,,,,20,40,,
Cardinals Logo,15.8,-1.7,28.0,10.0,19,9,9.0,1.0,23,1,1.0,1.0,1.0,1,1,13.0,11.0
Cardinals Logo,23.6,3.0,1.0,1.0,1,1,15.0,15.0,25,1,27.0,19.0,27.0,27,1,25.0,24.0
Cardinals Logo,14.4,2.6,1.0,1.0,1,1,1.0,1.0,1,1,26.0,9.0,27.0,22,1,23.0,22.0
Cardinals Logo,33.4,0.9,1.0,1.0,1,1,12.0,1.0,1,1,21.0,5.0,30.0,12,12,20.0,18.0
Falcons Logo,13.0,-4.5,2.0,5.0,5,10,20.0,17.0,25,1,1.0,1.0,1.0,1,1,4.0,4.0
Falcons Logo,14.9,-5.7,1.0,1.0,1,1,8.0,4.0,1,1,2.0,21.0,6.0,1,1,6.0,6.0
Falcons Logo,3.6,-8.2,1.0,1.0,1,1,1.0,1.0,1,1,2.0,1.0,2.0,1,1,1.0,1.0
Falcons Logo,25.6,-6.9,1.0,1.0,1,1,13.0,1.0,1,1,11.0,7.0,3.0,12,14,5.0,6.0
Ravens Logo,24.0,6.5,29.0,18.0,29,10,11.0,29.0,1,1,1.0,1.0,1.0,1,1,29.0,29.0
Ravens Logo,37.1,16.5,1.0,1.0,1,1,32.0,31.0,26,21,29.0,21.0,32.0,15,28,32.0,32.0
Ravens Logo,15.6,3.8,1.0,1.0,1,1,1.0,1.0,1,1,31.0,10.0,28.0,30,1,26.0,26.0
Ravens Logo,34.2,1.7,1.0,1.0,1,1,20.0,1.0,1,1,17.0,14.0,19.0,20,1,22.0,22.0
Bills Logo,18.1,0.6,1.0,18.0,2,1,32.0,17.0,25,1,1.0,1.0,1.0,1,1,21.0,22.0
Bills Logo,21.3,0.7,1.0,1.0,1,1,21.0,26.0,18,31,7.0,1.0,13.0,1,1,20.0,20.0
Bills Logo,4.7,-7.1,1.0,1.0,1,1,1.0,1.0,1,1,1.0,10.0,1.0,1,1,2.0,2.0
Bills Logo,29.6,-2.9,32.0,1.0,1,1,22.0,1.0,1,1,6.0,22.0,5.0,7,1,10.0,11.0
Panthers Logo,11.2,-6.3,12.0,1.0,5,1,14.0,1.0,25,1,1.0,1.0,1.0,1,1,1.0,1.0
Panthers Logo,21.2,0.6,1.0,1.0,1,1,29.0,4.0,1,21,22.0,1.0,20.0,15,1,19.0,18.0
Panthers Logo,15.4,3.6,1.0,1.0,1,1,1.0,1.0,1,1,32.0,10.0,24.0,29,1,25.0,25.0
Panthers Logo,22.3,-10.2,1.0,1.0,1,1,19.0,29.0,1,1,1.0,1.0,1.0,2,1,2.0,2.0
Bears Logo,25.3,7.8,26.0,32.0,26,24,6.0,17.0,1,1,1.0,1.0,1.0,1,1,30.0,31.0
Bears Logo,26.2,5.6,1.0,1.0,1,1,31.0,16.0,26,21,21.0,21.0,25.0,15,1,28.0,28.0
Bears Logo,15.4,3.6,1.0,1.0,1,1,1.0,1.0,1,1,20.0,10.0,32.0,1,1,24.0,23.0
Bears Logo,40.0,7.5,1.0,1.0,1,1,27.0,1.0,1,1,28.0,31.0,6.0,29,25,28.0,30.0
Bengals Logo,16.9,-0.6,25.0,26.0,19,10,3.0,1.0,1,1,1.0,1.0,1.0,1,1,17.0,20.0
Bengals Logo,29.4,8.8,1.0,1.0,1,1,27.0,26.0,26,1,25.0,31.0,19.0,29,1,31.0,31.0
Bengals Logo,16.4,4.6,1.0,1.0,1,1,30.0,1.0,1,1,25.0,26.0,26.0,10,1,29.0,28.0
Bengals Logo,32.1,-0.4,1.0,1.0,1,1,13.0,1.0,1,1,19.0,7.0,19.0,12,14,15.0,16.0
Browns Logo,15.6,-1.9,5.0,26.0,5,10,5.0,1.0,1,1,1.0,1.0,1.0,1,1,11.0,16.0
Browns Logo,12.1,-8.5,1.0,1.0,1,1,1.0,4.0,1,1,15.0,1.0,13.0,15,1,2.0,2.0
Browns Logo,10.5,-1.3,1.0,1.0,1,1,26.0,1.0,1,1,3.0,26.0,5.0,1,1,14.0,17.0
Browns Logo,29.8,-2.7,1.0,1.0,1,1,17.0,1.0,1,1,10.0,22.0,3.0,7,14,11.0,13.0
Cowboys Logo,27.8,10.3,32.0,29.0,30,32,27.0,29.0,1,1,1.0,1.0,1.0,1,1,32.0,32.0
Cowboys Logo,19.9,-0.7,1.0,1.0,1,1,8.0,16.0,31,1,24.0,1.0,20.0,15,28,13.0,12.0
Cowboys Logo,10.7,-1.1,1.0,1.0,1,1,1.0,1.0,1,1,12.0,10.0,10.0,10,1,15.0,14.0
Cowboys Logo,47.9,15.4,1.0,1.0,1,1,28.0,1.0,1,1,32.0,31.0,22.0,31,32,32.0,32.0
Broncos Logo,14.0,-3.5,22.0,1.0,13,28,1.0,17.0,1,1,1.0,1.0,1.0,1,1,6.0,4.0
Broncos Logo,21.8,1.2,1.0,1.0,1,1,26.0,4.0,1,21,26.0,21.0,4.0,31,28,22.0,22.0
Broncos Logo,10.3,-1.5,1.0,1.0,1,1,1.0,1.0,1,1,22.0,1.0,10.0,10,31,11.0,11.0
Broncos Logo,29.4,-3.1,1.0,1.0,1,1,16.0,1.0,1,1,13.0,1.0,25.0,5,14,9.0,8.0
Lions Logo,20.8,3.3,20.0,29.0,26,10,20.0,1.0,1,1,1.0,1.0,1.0,1,1,27.0,27.0
Lions Logo,18.1,-2.5,1.0,1.0,1,1,10.0,26.0,26,1,14.0,1.0,6.0,15,1,11.0,9.0
Lions Logo,16.2,4.4,1.0,1.0,1,1,30.0,1.0,1,1,21.0,31.0,10.0,24,1,28.0,29.0
Lions Logo,35.1,2.6,1.0,1.0,1,1,13.0,1.0,1,1,22.0,22.0,13.0,24,14,24.0,24.0
Packers Logo,12.1,-5.4,6.0,5.0,1,1,4.0,1.0,1,1,1.0,1.0,1.0,1,1,2.0,3.0
Packers Logo,17.0,-3.6,1.0,1.0,1,1,5.0,4.0,18,1,12.0,1.0,31.0,1,1,8.0,7.0
Packers Logo,16.2,4.4,1.0,1.0,1,1,1.0,1.0,1,1,30.0,10.0,30.0,24,1,27.0,27.0
Packers Logo,24.9,-7.6,1.0,1.0,1,1,5.0,1.0,1,1,3.0,7.0,13.0,1,1,4.0,4.0
Texans Logo,14.1,-3.4,16.0,5.0,26,10,8.0,1.0,1,1,1.0,1.0,1.0,1,1,7.0,7.0
Texans Logo,23.6,3.0,1.0,1.0,1,1,19.0,29.0,1,1,16.0,1.0,9.0,15,1,26.0,27.0
Texans Logo,10.4,-1.4,1.0,1.0,1,1,1.0,1.0,1,1,9.0,10.0,17.0,1,1,12.0,9.0
Texans Logo,34.0,1.5,1.0,1.0,1,1,9.0,1.0,1,1,27.0,7.0,25.0,29,14,21.0,20.0
Colts Logo,14.7,-2.8,7.0,18.0,2,10,10.0,1.0,1,1,1.0,1.0,1.0,1,1,9.0,13.0
Colts Logo,19.1,-1.5,1.0,1.0,1,1,13.0,16.0,31,1,16.0,21.0,6.0,1,1,12.0,13.0
Colts Logo,11.2,-0.6,1.0,1.0,1,1,1.0,1.0,1,1,16.0,10.0,10.0,10,1,17.0,18.0
Colts Logo,31.7,-0.8,1.0,1.0,1,1,25.0,1.0,1,1,9.0,14.0,22.0,5,14,14.0,14.0
Jaguars Logo,17.1,-0.4,14.0,18.0,10,24,17.0,17.0,25,1,1.0,1.0,1.0,1,1,18.0,17.0
Jaguars Logo,13.7,-6.9,1.0,1.0,1,1,6.0,1.0,1,1,11.0,21.0,9.0,15,1,3.0,4.0
Jaguars Logo,9.0,-2.8,1.0,1.0,1,1,1.0,1.0,1,1,13.0,1.0,17.0,10,1,7.0,7.0
Jaguars Logo,39.0,6.5,1.0,1.0,1,1,2.0,1.0,1,1,24.0,22.0,31.0,7,25,27.0,27.0
Chiefs Logo,16.0,-1.5,9.0,5.0,10,1,29.0,17.0,25,1,1.0,1.0,1.0,1,1,14.0,12.0
Chiefs Logo,20.1,-0.5,1.0,1.0,1,1,17.0,16.0,1,1,20.0,1.0,17.0,15,1,15.0,15.0
Chiefs Logo,6.1,-5.7,1.0,1.0,1,1,26.0,1.0,1,1,5.0,1.0,3.0,10,1,3.0,4.0
Chiefs Logo,30.9,-1.6,1.0,1.0,1,1,5.0,1.0,1,1,12.0,14.0,18.0,7,1,13.0,10.0
Rams Logo,17.5,0.0,10.0,11.0,19,1,23.0,17.0,1,1,1.0,1.0,1.0,1,1,19.0,15.0
Rams Logo,9.4,-11.2,1.0,1.0,1,1,12.0,1.0,1,1,1.0,1.0,1.0,1,1,1.0,1.0
Rams Logo,10.9,-0.9,1.0,1.0,1,1,1.0,1.0,1,1,15.0,10.0,10.0,10,1,16.0,15.0
Rams Logo,32.7,0.2,1.0,1.0,1,1,18.0,1.0,1,1,16.0,14.0,22.0,24,1,19.0,21.0
Chargers Logo,16.0,-1.5,11.0,1.0,13,24,31.0,17.0,1,1,1.0,1.0,1.0,1,1,14.0,10.0
Chargers Logo,14.6,-6.0,1.0,1.0,1,1,4.0,4.0,1,21,7.0,1.0,20.0,1,1,5.0,3.0
Chargers Logo,9.2,-2.6,1.0,1.0,1,1,1.0,1.0,1,1,7.0,10.0,5.0,10,1,8.0,8.0
Chargers Logo,28.4,-4.1,1.0,1.0,1,1,11.0,1.0,1,1,14.0,1.0,17.0,20,25,7.0,7.0
Raiders Logo,18.6,1.1,23.0,11.0,13,28,24.0,17.0,25,1,32.0,1.0,32.0,1,1,23.0,19.0
Raiders Logo,18.1,-2.5,1.0,1.0,1,1,16.0,16.0,1,21,9.0,1.0,13.0,1,1,9.0,10.0
Raiders Logo,7.0,-4.8,1.0,1.0,1,1,1.0,1.0,1,1,13.0,1.0,4.0,10,1,5.0,5.0
Raiders Logo,41.0,8.5,1.0,1.0,1,1,23.0,1.0,1,1,30.0,22.0,28.0,20,30,30.0,29.0
Dolphins Logo,25.6,8.1,21.0,26.0,13,10,22.0,32.0,1,1,1.0,1.0,1.0,1,1,31.0,30.0
Dolphins Logo,23.6,3.0,1.0,1.0,1,1,25.0,4.0,26,1,30.0,1.0,20.0,15,28,24.0,25.0
Dolphins Logo,17.2,5.4,1.0,1.0,1,1,30.0,1.0,1,1,29.0,26.0,24.0,30,1,30.0,31.0
Dolphins Logo,30.1,-2.4,1.0,1.0,1,1,28.0,1.0,1,1,5.0,22.0,6.0,3,1,12.0,12.0
Vikings Logo,12.5,-5.0,3.0,1.0,2,1,15.0,17.0,1,1,1.0,1.0,1.0,1,1,3.0,2.0
Vikings Logo,18.1,-2.5,1.0,1.0,1,1,23.0,4.0,18,1,13.0,1.0,13.0,1,1,9.0,10.0
Vikings Logo,11.3,-0.5,1.0,1.0,1,1,1.0,1.0,1,1,17.0,10.0,21.0,10,1,18.0,16.0
Vikings Logo,19.4,-13.1,1.0,1.0,1,1,20.0,1.0,1,1,2.0,1.0,1.0,12,1,1.0,1.0
Patriots Logo,16.6,-0.9,30.0,18.0,32,10,2.0,1.0,1,1,1.0,1.0,1.0,1,1,16.0,18.0
Patriots Logo,21.3,0.7,1.0,1.0,1,1,2.0,16.0,1,1,28.0,21.0,28.0,15,1,20.0,16.0
Patriots Logo,9.7,-2.1,1.0,1.0,1,1,1.0,1.0,1,1,23.0,1.0,8.0,30,1,9.0,10.0
Patriots Logo,36.1,3.6,1.0,1.0,1,1,25.0,1.0,1,1,26.0,22.0,13.0,28,14,25.0,25.0
Saints Logo,19.2,1.7,14.0,29.0,13,28,12.0,1.0,1,1,1.0,1.0,1.0,1,1,25.0,26.0
Saints Logo,24.6,4.0,1.0,1.0,1,1,18.0,16.0,1,21,19.0,31.0,20.0,1,1,27.0,26.0
Saints Logo,12.5,0.7,1.0,1.0,1,1,1.0,1.0,1,1,19.0,10.0,21.0,24,1,19.0,19.0
Saints Logo,32.4,-0.1,1.0,1.0,1,1,1.0,1.0,1,1,15.0,22.0,10.0,12,30,17.0,19.0
Giants Logo,17.8,0.3,31.0,11.0,13,1,25.0,1.0,1,1,1.0,1.0,1.0,1,1,20.0,21.0
Giants Logo,26.3,5.7,1.0,1.0,1,1,28.0,29.0,18,21,18.0,1.0,17.0,1,1,29.0,29.0
Giants Logo,13.7,1.9,1.0,1.0,1,1,1.0,1.0,1,1,18.0,10.0,28.0,1,1,21.0,20.0
Giants Logo,43.8,11.3,1.0,1.0,1,1,30.0,29.0,1,1,31.0,14.0,32.0,24,1,31.0,31.0
Jets Logo,18.4,0.9,13.0,18.0,30,1,29.0,1.0,25,32,1.0,1.0,1.0,1,1,22.0,23.0
Jets Logo,20.6,0.0,1.0,1.0,1,1,20.0,16.0,1,21,10.0,21.0,9.0,15,1,16.0,21.0
Jets Logo,10.5,-1.3,1.0,1.0,1,1,1.0,1.0,1,1,6.0,10.0,17.0,1,1,13.0,12.0
Jets Logo,34.5,2.0,1.0,1.0,1,1,9.0,29.0,1,1,24.0,14.0,6.0,32,1,23.0,23.0
Eagles Logo,15.2,-2.3,7.0,5.0,10,24,19.0,17.0,25,1,1.0,1.0,1.0,1,1,10.0,9.0
Eagles Logo,19.9,-0.7,1.0,1.0,1,1,22.0,16.0,1,21,3.0,21.0,2.0,1,1,13.0,19.0
Eagles Logo,6.6,-5.2,1.0,1.0,1,1,1.0,1.0,1,1,4.0,1.0,5.0,10,1,4.0,3.0
Eagles Logo,32.3,-0.2,1.0,1.0,1,1,24.0,1.0,1,1,17.0,7.0,19.0,12,25,16.0,17.0
Steelers Logo,23.5,6.0,27.0,18.0,25,10,26.0,29.0,1,1,1.0,1.0,1.0,1,1,28.0,28.0
Steelers Logo,21.0,0.4,1.0,1.0,1,1,24.0,16.0,18,1,23.0,1.0,4.0,29,1,17.0,17.0
Steelers Logo,18.8,7.0,1.0,1.0,1,1,26.0,1.0,1,1,27.0,31.0,23.0,24,1,32.0,32.0
Steelers Logo,32.4,-0.1,1.0,1.0,1,1,2.0,1.0,1,1,20.0,7.0,25.0,12,14,17.0,15.0
Seahawks Logo,15.6,-1.9,17.0,17.0,9,23,13.0,1.0,23,1,1.0,1.0,1.0,1,1,12.0,14.0
Seahawks Logo,21.2,0.6,1.0,1.0,1,1,11.0,1.0,1,1,31.0,19.0,30.0,27,27,18.0,14.0
Seahawks Logo,18.1,6.3,1.0,1.0,1,1,1.0,1.0,1,1,24.0,30.0,31.0,22,1,31.0,30.0
Seahawks Logo,23.4,-9.1,1.0,1.0,1,1,5.0,1.0,1,1,4.0,5.0,9.0,3,12,3.0,3.0
49ers Logo,13.8,-3.7,4.0,11.0,5,10,18.0,1.0,1,1,1.0,1.0,1.0,1,1,5.0,6.0
49ers Logo,16.4,-4.2,1.0,1.0,1,1,14.0,4.0,18,1,4.0,1.0,25.0,1,1,7.0,8.0
49ers Logo,12.9,1.1,1.0,1.0,1,1,26.0,1.0,1,1,10.0,26.0,17.0,1,1,20.0,21.0
49ers Logo,25.9,-6.6,1.0,1.0,1,1,8.0,1.0,1,1,8.0,7.0,11.0,12,14,6.0,5.0
Buccaneers Logo,19.6,2.1,18.0,11.0,19,10,28.0,17.0,1,1,1.0,1.0,1.0,1,1,26.0,24.0
Buccaneers Logo,23.4,2.8,1.0,1.0,1,1,3.0,4.0,18,1,32.0,21.0,29.0,32,28,23.0,23.0
Buccaneers Logo,8.2,-3.6,1.0,1.0,1,1,1.0,1.0,1,1,7.0,1.0,10.0,1,1,6.0,6.0
Buccaneers Logo,29.0,-3.5,1.0,1.0,1,1,2.0,1.0,1,1,7.0,14.0,13.0,7,1,8.0,9.0
Titans Logo,14.6,-2.9,18.0,11.0,19,10,7.0,1.0,1,1,1.0,1.0,1.0,1,1,8.0,8.0
Titans Logo,27.3,6.7,1.0,1.0,1,1,30.0,31.0,1,31,4.0,1.0,9.0,1,1,30.0,30.0
Titans Logo,10.2,-1.6,1.0,1.0,1,1,1.0,1.0,1,1,11.0,10.0,8.0,10,1,10.0,13.0
Titans Logo,40.9,8.4,1.0,1.0,1,1,32.0,29.0,1,32,29.0,14.0,28.0,24,14,29.0,28.0
Commanders Logo,19.0,1.5,24.0,18.0,19,28,16.0,1.0,1,1,1.0,1.0,1.0,1,1,24.0,25.0
Commanders Logo,13.7,-6.9,1.0,1.0,1,1,7.0,4.0,1,1,4.0,1.0,2.0,1,1,4.0,5.0
Commanders Logo,13.8,2.0,1.0,1.0,1,1,1.0,1.0,1,1,28.0,10.0,10.0,24,31,22.0,24.0
Commanders Logo,36.5,4.0,1.0,1.0,1,1,31.0,1.0,1,1,23.0,22.0,12.0,20,25,26.0,26.0
